{"cameraMode":{"drawMode":0,"name":"Shaded","section":"Shading Mode"},"sceneLighting":true,"audioPlay":false,"sceneViewState":{"m_AlwaysRefresh":false,"showFog":true,"showSkybox":true,"showFlares":true,"showImageEffects":true,"showParticleSystems":true,"showVisualEffectGraphs":true,"m_FxEnabled":true},"in2DMode":false,"pivot":{"x":-2.3307902812957765,"y":2.3506007194519045,"z":-0.05186721310019493},"rotation":{"x":-0.33847957849502566,"y":-0.006495345383882523,"z":0.002336570294573903,"w":-0.9409481287002564},"size":5.344880104064941,"orthographic":false}